Game of Thrones,Breaking Bad,Dexter,The Sopranos,The Wire
Breaking Bad,Game of Thrones,The Sopranos,Dexter,The Wire
Breaking Bad,The Wire,Game of Thrones,The Sopranos,Dexter
Breaking Bad,The Sopranos,The Wire,Dexter,Game of Thrones
Breaking Bad,Dexter,Game of Thrones,The Sopranos,The Wire
Breaking Bad,Game of Thrones,Dexter,The Wire,The Sopranos
Breaking Bad,The Wire,The Sopranos,Game of Thrones,Dexter
Breaking Bad,The Sopranos,Game of Thrones,The Wire,Dexter
Breaking Bad,Dexter,The Wire,The Sopranos,Game of Thrones
Breaking Bad,Game of Thrones,The Sopranos,The Wire,Dexter
Breaking Bad,The Wire,Game of Thrones,Dexter,The Sopranos
Breaking Bad,The Sopranos,Dexter,Game of Thrones,The Wire
Breaking Bad,Dexter,The Wire,Game of Thrones,The Sopranos
Breaking Bad,Game of Thrones,The Wire,Dexter,The Sopranos
Breaking Bad,The Wire,The Sopranos,Dexter,Game of Thrones
Breaking Bad,The Sopranos,Game of Thrones,Dexter,The Wire
Breaking Bad,Dexter,The Sopranos,The Wire,Game of Thrones
Breaking Bad,Game of Thrones,Dexter,The Sopranos,The Wire
Breaking Bad,The Wire,Dexter,Game of Thrones,The Sopranos
Breaking Bad,The Sopranos,The Wire,Game of Thrones,Dexter
Breaking Bad,Dexter,Game of Thrones,The Wire,The Sopranos
Game of Thrones,Breaking Bad,The Sopranos,Dexter,The Wire
Game of Thrones,The Wire,Breaking Bad,The Sopranos,Dexter
Game of Thrones,The Sopranos,Breaking Bad,Dexter,The Wire
Game of Thrones,Dexter,Breaking Bad,The Wire,The Sopranos
The Sopranos,Breaking Bad,Game of Thrones,The Wire,Dexter
The Sopranos,The Wire,Breaking Bad,Game of Thrones,Dexter
The Sopranos,Dexter,Breaking Bad,The Wire,Game of Thrones
Dexter,Breaking Bad,Game of Thrones,The Wire,The Sopranos
Dexter,The Sopranos,Breaking Bad,Game of Thrones,The Wire
Dexter,The Wire,Breaking Bad,The Sopranos,Game of Thrones
The Wire,Breaking Bad,Game of Thrones,Dexter,The Sopranos
The Wire,The Sopranos,Breaking Bad,Game of Thrones,Dexter
The Wire,Dexter,Breaking Bad,The Sopranos,Game of Thrones
Breaking Bad,Game of Thrones,The Sopranos,Dexter,The Wire
Breaking Bad,The Sopranos,The Wire,Dexter,Game of Thrones
Breaking Bad,Dexter,Game of Thrones,The Sopranos,The Wire
Breaking Bad,The Wire,Game of Thrones,Dexter,The Sopranos
Breaking Bad,The Sopranos,Dexter,The Wire,Game of Thrones
Breaking Bad,Dexter,The Sopranos,Game of Thrones,The Wire